{
  "generatedAt": "2026-04-14T14:44:18.428Z",
  "results": [
    {
      "variant": "Current AirPlus",
      "id": "baseline",
      "idea": "baseline",
      "ok": true,
      "input": {
        "faceAreaScore": 0.8571981865543795,
        "edgeLengthScore": 0.9458721630545867,
        "edgeRatio": 0.18587346324263693,
        "minEdgeLength": 93.33809511662427,
        "maxEdgeLength": 502.1593372625864,
        "plane": true
      },
      "air": {
        "faceAreaScore": 0.852561748805885,
        "edgeLengthScore": 0.9316660251084266,
        "edgeRatio": 0.05616826027538873,
        "minEdgeLength": 24.961225105872476,
        "maxEdgeLength": 444.40089444624914,
        "plane": true,
        "status": "stalled",
        "maxRelError": 4.676532784424611,
        "message": "Applied Air (23-vertex outer face, 117 bounded faces, +34 dummy vertices, status stalled, max rel err 4.677, face score 0.853)"
      },
      "airPlus": {
        "faceAreaScore": 0.8028789303494378,
        "edgeLengthScore": 0.9180292291039545,
        "edgeRatio": 0.03354130626532573,
        "minEdgeLength": 6.2245217978493805,
        "maxEdgeLength": 185.57779916532814,
        "plane": true,
        "status": "stalled",
        "maxRelError": 7.248255393482433,
        "message": "Applied AirPlus (23-vertex outer face, 117 bounded faces, +34 dummy vertices, status stalled, max rel err 7.248, face score 0.803)"
      },
      "analysis": {
        "summary": "plane, edge ratio 0.034 (-0.023 vs Air), face score 0.803 (-0.050 vs Air)",
        "verdict": "bad"
      }
    },
    {
      "variant": "Idea 1: Two-phase edge polish",
      "id": "idea1_two_phase_polish",
      "idea": 1,
      "ok": true,
      "input": {
        "faceAreaScore": 0.8571981865543795,
        "edgeLengthScore": 0.9458721630545867,
        "edgeRatio": 0.18587346324263693,
        "minEdgeLength": 93.33809511662427,
        "maxEdgeLength": 502.1593372625864,
        "plane": true
      },
      "air": {
        "faceAreaScore": 0.852561748805885,
        "edgeLengthScore": 0.9316660251084266,
        "edgeRatio": 0.05616826027538873,
        "minEdgeLength": 24.961225105872476,
        "maxEdgeLength": 444.40089444624914,
        "plane": true,
        "status": "stalled",
        "maxRelError": 4.676532784424611,
        "message": "Applied Air (23-vertex outer face, 117 bounded faces, +34 dummy vertices, status stalled, max rel err 4.677, face score 0.853)"
      },
      "airPlus": {
        "faceAreaScore": 0.85211407221254,
        "edgeLengthScore": 0.941686099709961,
        "edgeRatio": 0.1514723541199436,
        "minEdgeLength": 23.64582023740538,
        "maxEdgeLength": 156.10650784948788,
        "plane": true,
        "status": "stalled",
        "maxRelError": 6.350216214281311,
        "message": "Applied AirPlus (23-vertex outer face, 117 bounded faces, +34 dummy vertices, status stalled, max rel err 6.350, face score 0.852)"
      },
      "analysis": {
        "summary": "plane, edge ratio 0.151 (+0.095 vs Air), face score 0.852 (-0.000 vs Air)",
        "verdict": "promising"
      }
    },
    {
      "variant": "Idea 2: Short original edges strongly",
      "id": "idea2_short_original",
      "idea": 2,
      "ok": true,
      "input": {
        "faceAreaScore": 0.8571981865543795,
        "edgeLengthScore": 0.9458721630545867,
        "edgeRatio": 0.18587346324263693,
        "minEdgeLength": 93.33809511662427,
        "maxEdgeLength": 502.1593372625864,
        "plane": true
      },
      "air": {
        "faceAreaScore": 0.852561748805885,
        "edgeLengthScore": 0.9316660251084266,
        "edgeRatio": 0.05616826027538873,
        "minEdgeLength": 24.961225105872476,
        "maxEdgeLength": 444.40089444624914,
        "plane": true,
        "status": "stalled",
        "maxRelError": 4.676532784424611,
        "message": "Applied Air (23-vertex outer face, 117 bounded faces, +34 dummy vertices, status stalled, max rel err 4.677, face score 0.853)"
      },
      "airPlus": {
        "faceAreaScore": 0.8028789303494378,
        "edgeLengthScore": 0.9180292291039545,
        "edgeRatio": 0.03354130626532573,
        "minEdgeLength": 6.2245217978493805,
        "maxEdgeLength": 185.57779916532814,
        "plane": true,
        "status": "stalled",
        "maxRelError": 7.248255393482433,
        "message": "Applied AirPlus (23-vertex outer face, 117 bounded faces, +34 dummy vertices, status stalled, max rel err 7.248, face score 0.803)"
      },
      "analysis": {
        "summary": "plane, edge ratio 0.034 (-0.023 vs Air), face score 0.803 (-0.050 vs Air)",
        "verdict": "bad"
      }
    },
    {
      "variant": "Idea 3: Hinge penalty on short edges",
      "id": "idea3_hinge_short",
      "idea": 3,
      "ok": true,
      "input": {
        "faceAreaScore": 0.8571981865543795,
        "edgeLengthScore": 0.9458721630545867,
        "edgeRatio": 0.18587346324263693,
        "minEdgeLength": 93.33809511662427,
        "maxEdgeLength": 502.1593372625864,
        "plane": true
      },
      "air": {
        "faceAreaScore": 0.852561748805885,
        "edgeLengthScore": 0.9316660251084266,
        "edgeRatio": 0.05616826027538873,
        "minEdgeLength": 24.961225105872476,
        "maxEdgeLength": 444.40089444624914,
        "plane": true,
        "status": "stalled",
        "maxRelError": 4.676532784424611,
        "message": "Applied Air (23-vertex outer face, 117 bounded faces, +34 dummy vertices, status stalled, max rel err 4.677, face score 0.853)"
      },
      "airPlus": {
        "faceAreaScore": 0.8173177496631792,
        "edgeLengthScore": 0.917726375643265,
        "edgeRatio": 0.03354130626532573,
        "minEdgeLength": 6.2245217978493805,
        "maxEdgeLength": 185.57779916532814,
        "plane": true,
        "status": "stalled",
        "maxRelError": 7.248255393482433,
        "message": "Applied AirPlus (23-vertex outer face, 117 bounded faces, +34 dummy vertices, status stalled, max rel err 7.248, face score 0.817)"
      },
      "analysis": {
        "summary": "plane, edge ratio 0.034 (-0.023 vs Air), face score 0.817 (-0.035 vs Air)",
        "verdict": "bad"
      }
    },
    {
      "variant": "Idea 4: Face-slack trust region",
      "id": "idea4_trust_region",
      "idea": 4,
      "ok": true,
      "input": {
        "faceAreaScore": 0.8571981865543795,
        "edgeLengthScore": 0.9458721630545867,
        "edgeRatio": 0.18587346324263693,
        "minEdgeLength": 93.33809511662427,
        "maxEdgeLength": 502.1593372625864,
        "plane": true
      },
      "air": {
        "faceAreaScore": 0.852561748805885,
        "edgeLengthScore": 0.9316660251084266,
        "edgeRatio": 0.05616826027538873,
        "minEdgeLength": 24.961225105872476,
        "maxEdgeLength": 444.40089444624914,
        "plane": true,
        "status": "stalled",
        "maxRelError": 4.676532784424611,
        "message": "Applied Air (23-vertex outer face, 117 bounded faces, +34 dummy vertices, status stalled, max rel err 4.677, face score 0.853)"
      },
      "airPlus": {
        "faceAreaScore": 0.8028789303494378,
        "edgeLengthScore": 0.9180292291039545,
        "edgeRatio": 0.03354130626532573,
        "minEdgeLength": 6.2245217978493805,
        "maxEdgeLength": 185.57779916532814,
        "plane": true,
        "status": "stalled",
        "maxRelError": 7.248255393482433,
        "message": "Applied AirPlus (23-vertex outer face, 117 bounded faces, +34 dummy vertices, status stalled, max rel err 7.248, face score 0.803)"
      },
      "analysis": {
        "summary": "plane, edge ratio 0.034 (-0.023 vs Air), face score 0.803 (-0.050 vs Air)",
        "verdict": "bad"
      }
    },
    {
      "variant": "Idea 5: Local face-area guard",
      "id": "idea5_face_guard",
      "idea": 5,
      "ok": true,
      "input": {
        "faceAreaScore": 0.8571981865543795,
        "edgeLengthScore": 0.9458721630545867,